﻿{
  "records": [
    {
      "KeyName": "home",
      "PageUrls": "App/Views/home.html",
      "Controller": "homeController"
    },
    {
      "KeyName": "about",
      "PageUrls": "App/Views/about.html",
      "Controller": "aboutController"
    },
    {
      "KeyName": "membership",
      "PageUrls": "App/Views/membership.html",
      "Controller": "membershipCtrl"
    },
    {
      "KeyName": "training",
      "PageUrls": "App/Views/training.html",
      "Controller": "trainingCntrl"
    },
    {
      "KeyName": "projects",
      "PageUrls": "App/Views/projects.html",
      "Controller": "projectsCtrl"
    },
    {
      "KeyName": "events",
      "PageUrls": "App/Views/events.html",
      "Controller": "eventsCntrl"
    },
    {
      "KeyName": "media",
      "PageUrls": "App/Views/media.html",
      "Controller": "mediaCtrl"
    },
    {
      "KeyName": "yellowpages",
      "PageUrls": "App/Views/yellow-pages.html",
      "Controller": "ypagesCntrl"
    },
    {
      "KeyName": "circulars",
      "PageUrls": "App/Views/circulars.html",
      "Controller": "circularsCntrl"
    },
    {
      "KeyName": "psearch",
      "PageUrls": "App/Views/psearch.html",
      "Controller": "psearchCntrl"
    },
    {
      "KeyName": "faqs",
      "PageUrls": "App/Views/faqs.html",
      "Controller": "faqsCntrl"
    },
    {
      "KeyName": "devlogin",
      "PageUrls": "App/Views/devlogin.html",
      "Controller": "devLoginCntrl"
    },
    {
      "KeyName": "devprofile",
      "PageUrls": "App/Views/devprofile.html",
      "Controller": "devProfileCntrl"
    },
    {
      "KeyName": "memprofile",
      "PageUrls": "App/Views/memprofile.html",
      "Controller": "memberProfileCntrl"
    },
    {
      "KeyName": "memlogin",
      "PageUrls": "App/Views/memlogin.html",
      "Controller": "memLoginCtrl"
    },
    {
      "KeyName": "devsignup",
      "PageUrls": "App/Views/devsignup.html",
      "Controller": "devSignupCtrl"
    },
    {
      "KeyName": "memsignup",
      "PageUrls": "App/Views/memsignup.html",
      "Controller": "memSignupCtrl"
    }
  ]
}  